[
    {
        "mid": 1203,
        "fmid": 1202,
        "fid": 6972227366,
        "fname": "账号还在_XD",
        "fusername": "Usdt_sys_to",
        "time": 1698296143
    },
    {
        "mid": 1209,
        "fmid": 1208,
        "fid": 6972227366,
        "fname": "账号还在_XD",
        "fusername": "Usdt_sys_to",
        "time": 1698296296
    },
    {
        "mid": 1220,
        "fmid": 1219,
        "fid": 6972227366,
        "fname": "账号还在_XD",
        "fusername": "Usdt_sys_to",
        "time": 1698296374
    }
]